capability,label,n,supported_rate,not_supported_rate,indeterminate_rate,fragility_cohort_n,fragility_baseline_supported,fragility_computed,fragility_computed_rate,fragility_computed_ci_low,fragility_computed_ci_high,fragility_no_disruption_within_bound,fragile_reports,median_atom_cost,median_atom_cost_ci_low,median_atom_cost_ci_high,median_field_cost,median_collateral_cost,max_collateral_cost
file_impact,benign,1000,0.945,0.0,0.055,150,139,0,0.0,-1.734723475976807e-18,0.026894126080917603,139,0,NA,NA,NA,NA,NA,NA
file_impact,ransomware,1000,0.958,0.0,0.042,150,144,0,0.0,0.0,0.025984567266588023,144,0,NA,NA,NA,NA,NA,NA
backup_impairment,benign,1000,0.007,0.868,0.125,150,1,0,0.0,0.0,0.7934567085261071,1,0,NA,NA,NA,NA,NA,NA
backup_impairment,ransomware,1000,0.058,0.921,0.021,150,3,0,0.0,0.0,0.5615060804490177,3,0,NA,NA,NA,NA,NA,NA
persistence,benign,1000,0.546,0.335,0.119,150,73,18,0.2465753424657534,0.16204336317654708,0.3564466214151324,55,18,2.0,1.0,2.0,1.0,0.0,2
persistence,ransomware,1000,0.717,0.268,0.015,150,111,21,0.1891891891891892,0.12720241592903933,0.27197000939418847,90,21,1.0,1.0,2.0,1,0,1
privilege_manipulation,benign,1000,0.176,0.798,0.026,150,20,5,0.25,0.11186005278940309,0.4687050099580636,15,5,2.0,1.0,2.0,1,0,0
privilege_manipulation,ransomware,1000,0.535,0.458,0.007,150,78,19,0.24358974358974358,0.16185113739317142,0.3493998645422746,59,19,1.0,1.0,2.0,1,0,0
process_interference,benign,1000,0.063,0.857,0.08,150,4,3,0.75,0.3006360524426366,0.9544139373553637,1,3,1.0,1.0,2.0,1,0,0
process_interference,ransomware,1000,0.186,0.796,0.018,150,26,17,0.6538461538461539,0.46220229009632996,0.8058798502714787,9,17,1.0,1.0,1.0,1,0,0
network_staging,benign,1000,0.642,0.165,0.193,150,103,22,0.21359223300970873,0.14549640074609002,0.3022842390047187,81,22,1.0,1.0,2.0,1,0,0
network_staging,ransomware,1000,0.915,0.054,0.031,150,130,7,0.05384615384615385,0.02632462376477393,0.10697922197526502,123,7,1.0,1.0,2.0,1.0,0.0,0
execution_proxy,benign,1000,0.429,0.474,0.097,150,50,13,0.26,0.15871379651367384,0.3955342198899992,37,13,2.0,2.0,2.0,1,0,2
execution_proxy,ransomware,1000,0.49,0.498,0.012,150,84,29,0.34523809523809523,0.2523486284686916,0.45166404889601935,55,29,1.0,1.0,2.0,1,0,0
anti_analysis,benign,1000,0.43,0.542,0.028,150,60,39,0.65,0.5236238380947751,0.7583239827618451,21,39,1.0,1.0,1.0,1,0,0
anti_analysis,ransomware,1000,0.644,0.345,0.011,150,110,50,0.45454545454545453,0.364597551188735,0.5475610973193676,60,50,1.0,1.0,2.0,1.0,0.0,0
ransomware_impact,benign,1000,0.339,0.481,0.18,150,46,0,0.0,-6.938893903907228e-18,0.07707617732978073,46,0,NA,NA,NA,NA,NA,NA
ransomware_impact,ransomware,1000,0.514,0.425,0.061,150,80,1,0.0125,0.002209918618306224,0.06746432423965451,79,1,1.0,1.0,1.0,1.0,0.0,0
