sha256,label,capability,pareto_point,atom_cost,field_cost,collateral_cost
0016d12f15f1d7f0f89dbcb14f724fc9d77a0d8df8ebbb49d0b9d8d62a4067ee,ransomware,execution_proxy,1,1,1,0
007c244b9dac3fecd6d8df49314f664afaa4c1c823574108f77189c2925e9594,ransomware,anti_analysis,1,2,1,0
00c463a40ca66602686d4bc6dc4491a7a164220310d4cfafdfdda38c76df2962,ransomware,execution_proxy,1,1,1,0
00ee45e1829436be207411080fbccd1d736b62a4ede212c5c7d1e15a1b07f9e1,ransomware,execution_proxy,1,2,1,0
00ee45e1829436be207411080fbccd1d736b62a4ede212c5c7d1e15a1b07f9e1,ransomware,anti_analysis,1,2,1,0
01a1484a30212f8511f04ed162f54d04e921598154bde03e3c594caa41d70342,ransomware,persistence,1,1,1,0
01dbd21d13ed7e20516e5217d86d43ea1ea767d5b2593fd2ec7957d692dc7ba8,ransomware,execution_proxy,1,2,2,0
02036f54f589826e760d2301c89c1c8629f35fba717dc8b883b18dbfab3877c9,ransomware,process_interference,1,1,1,0
02036f54f589826e760d2301c89c1c8629f35fba717dc8b883b18dbfab3877c9,ransomware,execution_proxy,1,1,1,0
0252937e5af74369499c21efe832306dccf718402b08c67b2d338061ba1e67a0,ransomware,network_staging,1,1,1,0
025daf474425b8be36a9e4aaefd9c2f482d156247fbde354090f0a3a812dc1db,ransomware,persistence,1,2,2,0
025daf474425b8be36a9e4aaefd9c2f482d156247fbde354090f0a3a812dc1db,ransomware,execution_proxy,1,2,2,0
025daf474425b8be36a9e4aaefd9c2f482d156247fbde354090f0a3a812dc1db,ransomware,anti_analysis,1,1,1,0
0378e1f44a4fbfded517d2eee88909e709cc4571e84585c2a37dc7e68897510a,ransomware,anti_analysis,1,1,1,0
04017817b08d8f6912600910ac643b26aa3683fafcb6256485eeba3a916a3d56,ransomware,anti_analysis,1,2,1,0
043b6a0284468934582819996dbaa70b863ab4caa4f968c81c39a33b2ac81735,ransomware,network_staging,1,1,1,0
043b6a0284468934582819996dbaa70b863ab4caa4f968c81c39a33b2ac81735,ransomware,anti_analysis,1,1,1,0
04897f8d3178045f6b56cb25bd2ff5325011d25f8a8b5c469ea438aab549ebf4,ransomware,anti_analysis,1,2,1,0
04d2e42ea815bea1a5f853ece211991058cc124c2bc60f2789be5191b642bee5,ransomware,anti_analysis,1,2,1,0
050c6b14a0308fc4adbafec1465b2202b8d378b0e8df7cce38b04e35772b04f3,ransomware,persistence,1,1,1,0
050e979722f8a3be5a07806d3ebbbac067ff293ed225faff452aa6145ef21c96,ransomware,process_interference,1,1,1,0
053947df528e309ce0b283ffa950d626f1398519c93cfe39431e1fdefac999fc,ransomware,anti_analysis,1,2,1,0
058e37ad42818d927a927858cc38f58c4068361a48a41067e69687940bed18d0,ransomware,anti_analysis,1,1,1,0
05ed7b9f30fb46c52a1913bf6b50144edd1d01cab3a18509b691d0347c891baf,ransomware,persistence,1,1,1,0
05ed7b9f30fb46c52a1913bf6b50144edd1d01cab3a18509b691d0347c891baf,ransomware,anti_analysis,1,1,1,0
0695555484b364a8f35376c6edc10e7b8b05a21d80ef05834562507f6ced297c,ransomware,privilege_manipulation,1,2,1,0
0695555484b364a8f35376c6edc10e7b8b05a21d80ef05834562507f6ced297c,ransomware,execution_proxy,1,1,1,0
0695555484b364a8f35376c6edc10e7b8b05a21d80ef05834562507f6ced297c,ransomware,anti_analysis,1,1,1,0
06b297adafce01483cae411b664c7ff6a80240e0e2562726aeb2db60fedeb3ab,ransomware,persistence,1,1,1,0
06b297adafce01483cae411b664c7ff6a80240e0e2562726aeb2db60fedeb3ab,ransomware,process_interference,1,1,1,0
06eb97d52358e09f7c5ee8913149bd830580e9057809e81fee718759db301687,ransomware,persistence,1,2,2,0
06eb97d52358e09f7c5ee8913149bd830580e9057809e81fee718759db301687,ransomware,privilege_manipulation,1,1,1,0
06eb97d52358e09f7c5ee8913149bd830580e9057809e81fee718759db301687,ransomware,process_interference,1,1,1,0
06eb97d52358e09f7c5ee8913149bd830580e9057809e81fee718759db301687,ransomware,execution_proxy,1,1,1,0
085723cd3bf42b5f4cba4d975389d6f088c22cc696f4f0771251a3a1afaedc53,ransomware,process_interference,1,1,1,0
085723cd3bf42b5f4cba4d975389d6f088c22cc696f4f0771251a3a1afaedc53,ransomware,execution_proxy,1,1,1,0
087697d241c62f0668f25caa7c739611b4ab1ff5ff7fba466757e67aa5e3a608,ransomware,execution_proxy,1,2,2,0
088debdcef9c0e6c522799fcfcc387bcb4794b377a9346fa0b9dac02f898d5f5,ransomware,anti_analysis,1,1,1,0
0911819d0e050ddc5884ea40b4b39a716a7ef8de0179d0dfded9f043546cede9,ransomware,anti_analysis,1,2,1,0
0934fbe06034dbe5749eaaa72e57016b04ae3fc9b66cc8984815ebd3148b1626,ransomware,execution_proxy,1,2,1,0
0934fbe06034dbe5749eaaa72e57016b04ae3fc9b66cc8984815ebd3148b1626,ransomware,anti_analysis,1,2,1,0
0a7df706fa7e9a3d8d150fec14b571d07923b47ec400a9a9cf91e33c94408cc5,ransomware,privilege_manipulation,1,1,1,0
0a7df706fa7e9a3d8d150fec14b571d07923b47ec400a9a9cf91e33c94408cc5,ransomware,anti_analysis,1,2,1,0
0b51b2819a128abdfab0006900667b5e05329aa0416445c43db76e2f503b92ff,ransomware,execution_proxy,1,2,2,0
0b51b2819a128abdfab0006900667b5e05329aa0416445c43db76e2f503b92ff,ransomware,ransomware_impact,1,1,1,0
0b51b2819a128abdfab0006900667b5e05329aa0416445c43db76e2f503b92ff,ransomware,ransomware_impact,2,1,1,0
0b51b2819a128abdfab0006900667b5e05329aa0416445c43db76e2f503b92ff,ransomware,ransomware_impact,3,1,1,0
0b51b2819a128abdfab0006900667b5e05329aa0416445c43db76e2f503b92ff,ransomware,ransomware_impact,4,1,1,0
0c1b251249518e1b58f3dc0cc771bf74bbadcb46c6175f45f1a0fe4d7740ca95,ransomware,privilege_manipulation,1,2,1,0
0c3db61f82c5ff9e965865ac484e3f324698b9af639634961bcbbab70e86246e,ransomware,process_interference,1,1,1,0
0c3db61f82c5ff9e965865ac484e3f324698b9af639634961bcbbab70e86246e,ransomware,anti_analysis,1,2,2,0
0c4777684b5fa38b9b8ba267d0902f64db72c916b35bca6b3560e9a19a16e57e,ransomware,execution_proxy,1,1,1,0
0cb2ecde7662787c0822c560109d28f357b88ece2a8a2534f1c06d5aed9a4790,ransomware,anti_analysis,1,1,1,0
0cb8bed00deba682438cb1935be2751d686b7b7884211a82d6e23bcb12046050,ransomware,process_interference,1,1,1,0
0d3acbc0a56b99467b21aa2eccf2d7207b0e173b8b48fcd9b81e2b66a9ae1002,ransomware,anti_analysis,1,1,1,0
0d3e3b77f530d1d4ae4abc3ac74283ea6e6ff41784a14447e925ee88e6d057c5,ransomware,persistence,1,1,1,0
0d6494a16aec93bbf79227151adcb085328b2af646f5a65b17a98b7762cd77df,ransomware,anti_analysis,1,2,1,0
0d753431639b3d2b8ecb5fb1684018b2c216fec10cc43d0609123f6f48aa98b8,ransomware,execution_proxy,1,1,1,0
0d9fe66484fc83dcc194c10ff096156fdc81f8cfe5d2e56079f158436dcaac0f,ransomware,persistence,1,1,1,0
0deda45a2661e3f8536e3b90103004d183fc5403fd6e33895ba15bab4a6dca3f,ransomware,persistence,1,1,1,0
0deda45a2661e3f8536e3b90103004d183fc5403fd6e33895ba15bab4a6dca3f,ransomware,privilege_manipulation,1,2,2,0
0deda45a2661e3f8536e3b90103004d183fc5403fd6e33895ba15bab4a6dca3f,ransomware,execution_proxy,1,1,1,0
0e2ee4cd126f3d527db1b9211fbe91d7f071fce9ac8befaf1950af57e8eeeaa7,ransomware,privilege_manipulation,1,1,1,0
0e2ee4cd126f3d527db1b9211fbe91d7f071fce9ac8befaf1950af57e8eeeaa7,ransomware,anti_analysis,1,1,1,0
0e775ff44da52dd84926c2c70837ebd2ba0e44c84bb911aea0d6330ced0225be,ransomware,anti_analysis,1,1,1,0
0ed203a02f9c7f7e9794a8fbb4871fc8d2aa2e52f59897915c9afb402f768aaf,ransomware,persistence,1,1,1,0
0ed203a02f9c7f7e9794a8fbb4871fc8d2aa2e52f59897915c9afb402f768aaf,ransomware,anti_analysis,1,1,1,0
0f315bf6d41eef8afd049d0a665cd82a8b7748c58f5394342d71370c860c97c0,ransomware,execution_proxy,1,1,1,0
0f315bf6d41eef8afd049d0a665cd82a8b7748c58f5394342d71370c860c97c0,ransomware,anti_analysis,1,1,1,0
0f9e80e70619e5bf0a9ef86008d8d90315463f2ca4ca224172aa2d42bae2734e,ransomware,network_staging,1,2,2,0
0fdd378395c3c909429366bdd2d59fc8d2a04e47d9954b101da81be15b583c77,ransomware,execution_proxy,1,1,1,0
0fe9e5ab7b3a291fe7ba1646079046ddf7022501189950a3958a2fae4dfb31d8,ransomware,privilege_manipulation,1,2,1,0
0feba92ff632640e738c770d3eb69ee1e287a54fb86c50bbcd2d0a9114b8539c,ransomware,privilege_manipulation,1,1,1,0
1039d1b80a7f277b7d3ee70157cc7a4b73733d36c8ab273a602db272a0ac7603,ransomware,anti_analysis,1,1,1,0
104cdc6d20406a144abd373ed297ef803217c15012a0f22cacf6c676421d53ee,benign,network_staging,1,1,1,0
104cdc6d20406a144abd373ed297ef803217c15012a0f22cacf6c676421d53ee,benign,anti_analysis,1,2,2,0
104dd586ef2ffc612333df07bf73f20661faab3c2364475f35124156150271df,ransomware,network_staging,1,2,1,0
10c68e9b66dd6e8a4d26a6f66f02b2d94c30255a828ecea30a729a9eca848b50,ransomware,anti_analysis,1,1,1,0
10fb1047794d9a933f644978c5bfe1eb5dd2d66b87489823f69ca414d2688537,ransomware,persistence,1,1,1,0
10fb1047794d9a933f644978c5bfe1eb5dd2d66b87489823f69ca414d2688537,ransomware,execution_proxy,1,1,1,0
11d72a3461cc16f65a18511d02b5e0a50a12c6bcf2ae4ab9017ad5b4b3b6cf73,benign,execution_proxy,1,2,1,0
1228d0f04f0ba82569fc1c0609f9fd6c377a91b9ea44c1e7f9f84b2b90552da2,ransomware,process_interference,1,1,1,0
1232ef4c8b3eb1e38cd6df07d609470f8efe129625ad29dc27aa93848e7dfb8c,benign,persistence,1,1,1,0
12613c35c5c9f24b79bc5a3fc9b867d2bb3e58709734c1d13137be5e1c4ef0e1,benign,persistence,1,1,1,0
12e238af4b4edc1f774213709a87a91b77b2c9d2d18fe475b027872923b6fa17,benign,execution_proxy,1,2,2,0
13153ae03f0fc4c762a29a76840cb5ff889e51776bd80e7970c600306e1931eb,ransomware,network_staging,1,1,1,0
13153ae03f0fc4c762a29a76840cb5ff889e51776bd80e7970c600306e1931eb,ransomware,network_staging,2,1,1,0
1323d50b8f6b5127a3ef6644b8b69e999c454c045a2d8ec476c4b6165df4ed03,benign,persistence,1,2,1,0
137654c88ae7b0cb44defc0645e64f001c788c309d85edd8741a8bdf178184f8,ransomware,execution_proxy,1,2,1,0
137654c88ae7b0cb44defc0645e64f001c788c309d85edd8741a8bdf178184f8,ransomware,anti_analysis,1,2,1,0
13a32964ecddd2e7135569e384e1b8a3bca88e6fdfb72aa7ef45bebec58b56c8,ransomware,privilege_manipulation,1,1,1,0
13a32964ecddd2e7135569e384e1b8a3bca88e6fdfb72aa7ef45bebec58b56c8,ransomware,execution_proxy,1,1,1,0
13c4264037f7c5292a1563cc7eeffea50e2f6081ec736b05eb841b7fb994ecda,benign,persistence,1,1,1,1
13c4264037f7c5292a1563cc7eeffea50e2f6081ec736b05eb841b7fb994ecda,benign,execution_proxy,1,1,1,1
148e40db124dadd41a47aec795929917c93d12847a93d9176d798cb7eec1fa1a,benign,network_staging,1,1,1,0
148e40db124dadd41a47aec795929917c93d12847a93d9176d798cb7eec1fa1a,benign,network_staging,2,1,1,0
14e89e49830dcf8fe43f565e6e25ef36716cb5240cd45ed1c5b07bef3f16abd2,ransomware,anti_analysis,1,2,1,0
14fa2dd57ce8512288b87dea03fa340aa45ff38b9dc8306d96eaf895a6da2b91,ransomware,privilege_manipulation,1,1,1,0
1535326cc421c66a8e1cc5990e286033c304e3ee7ba3a0269bd2fed6891bc1b0,benign,network_staging,1,1,1,0
1535326cc421c66a8e1cc5990e286033c304e3ee7ba3a0269bd2fed6891bc1b0,benign,anti_analysis,1,1,1,0
1538b6e32e363df1268d21c7ad1266d3695a093a202b55b06bcfa3f7f768ce4f,benign,process_interference,1,1,1,0
1538b6e32e363df1268d21c7ad1266d3695a093a202b55b06bcfa3f7f768ce4f,benign,anti_analysis,1,1,1,0
15ddd548da066e4261a936b1179711f0a180241373c35f133ec2de3651444b6d,benign,privilege_manipulation,1,1,1,0
16410dfb5819284f8c8147a766d3821a13f77cddc8c2e0aea2e16cdf223daa9a,ransomware,anti_analysis,1,2,1,0
164626dcf1ca91f5dc55a6ebd20e6fff394b8fddfa10b9ffcaf974d1540f751a,ransomware,anti_analysis,1,1,1,0
16aadf7a8fc02449d088670dd9b22aa9bff08c936822f84c02cb3b49f913a9cb,ransomware,anti_analysis,1,1,1,0
16b51d5d7ac1bd3e32ce58ba1ed9cb6ca42876d0484052eeed255947f1abbfec,benign,persistence,1,1,1,0
16ba143644a17a2c0ffb2d0d541b408f78c2acf416bb8d094c15ef4fb8834848,benign,persistence,1,2,1,0
16dc59f02b1040358af3ad63dbd61ac5068147175d5134aa2528475082311ba3,ransomware,anti_analysis,1,2,1,0
175d63f407dfa3807346842438b8c52fe681e93b0209a05b7919b39ae0ba3f38,ransomware,anti_analysis,1,2,2,0
1772dc2063c8a71c92aa36cf23afa5a33569960f7fa0f1d192f77708395d5d8e,benign,persistence,1,1,1,0
17dc12cfc63cacf06b76c53d65c683c6828a55be33eeab3ece10b789c3357b30,benign,persistence,1,2,1,0
180bb3a0e1af1f22fdb59d1fd565e80777d761e1c08adab92e9010e789c2be69,benign,anti_analysis,1,1,1,0
180c1029f70e0bc02acbd67fb8f8628b16dc896b6894fff0c1527247f1adaa85,ransomware,privilege_manipulation,1,2,2,0
180c1029f70e0bc02acbd67fb8f8628b16dc896b6894fff0c1527247f1adaa85,ransomware,execution_proxy,1,2,2,0
18237e4aad609efc36b818c037c1e559a758d96e1cc49d8e99b2c0e22ac5c1f6,ransomware,process_interference,1,1,1,0
183729409813ba5a8501a581979530bfddbabe5617da1588eb8fefdcfcba5d7e,benign,execution_proxy,1,2,2,0
18baada5c4fee8726f10848be871743a23735474c5df877d3e4206c3e30e531e,ransomware,persistence,1,1,1,0
18bdd68703502522d10d79980cb0aab03f01580afb4c229591615444f750998c,ransomware,persistence,1,1,1,0
18bdd68703502522d10d79980cb0aab03f01580afb4c229591615444f750998c,ransomware,process_interference,1,2,1,0
18bdd68703502522d10d79980cb0aab03f01580afb4c229591615444f750998c,ransomware,execution_proxy,1,1,1,0
18cf103883072480c602d65bc86bb9edc596a99e49b4c6ebfa007d15a5c6de58,ransomware,anti_analysis,1,1,1,0
1a2abfd9f3c9996f30c87609640c70e1cff2e76b15b3deede180ab33a1fb6629,ransomware,process_interference,1,1,1,0
1ac1956a2ed805519759b104169024960c90edf5d979f992cadff3329ed052aa,benign,anti_analysis,1,1,1,0
1b4ebbdadc0d24000bbf34e02b093e71e799b13a7050d79841b2a1f7a84b2711,benign,network_staging,1,1,1,0
1b56978da8148f6be0e5e1d2cb4abd5844090536139d60fdd1c62c52b5b798fd,benign,persistence,1,1,1,1
1b56978da8148f6be0e5e1d2cb4abd5844090536139d60fdd1c62c52b5b798fd,benign,execution_proxy,1,1,1,1
1b56978da8148f6be0e5e1d2cb4abd5844090536139d60fdd1c62c52b5b798fd,benign,anti_analysis,1,2,2,0
1b72e6203b4d26cbe44b55e7df27b3477badd3270cf900bb13c2af47bed80516,ransomware,execution_proxy,1,2,1,0
1b72e6203b4d26cbe44b55e7df27b3477badd3270cf900bb13c2af47bed80516,ransomware,anti_analysis,1,2,1,0
1ba925e5acc00423366ab9224ad3151520a7585a1a1d8453dbc5d5a6b1c8e548,benign,persistence,1,2,1,0
1c5cc71cd847d8a2679ec629b631b4d7e1082e7126022ab26ff015298d93a61e,ransomware,privilege_manipulation,1,1,1,0
1c5cc71cd847d8a2679ec629b631b4d7e1082e7126022ab26ff015298d93a61e,ransomware,anti_analysis,1,2,1,0
1c96021ac8cb52173e762f6b008fb4c6e5ef113e6baa4e2cf4848e88c61d9700,ransomware,process_interference,1,1,1,0
1c96021ac8cb52173e762f6b008fb4c6e5ef113e6baa4e2cf4848e88c61d9700,ransomware,execution_proxy,1,2,1,0
1c96021ac8cb52173e762f6b008fb4c6e5ef113e6baa4e2cf4848e88c61d9700,ransomware,anti_analysis,1,1,1,0
1cb5005c6891587e4bea274b47513ef2076260a458fa8fb8be6c4454f0039758,benign,privilege_manipulation,1,2,1,0
1cb5005c6891587e4bea274b47513ef2076260a458fa8fb8be6c4454f0039758,benign,process_interference,1,2,2,0
1cbbc8ae8152a055e2d1ef5b9ed9b6a4d0fd8080ed1256845376af66f993ebca,benign,anti_analysis,1,2,1,0
1cca162b8a8f152f10e46dc1cfc850f812b47e56bcff0b8ec445b77b072bdfc0,benign,network_staging,1,2,2,0
1d2ad66cbec45187b326f79a2d14f7ab4e8556bebe314d995f6617db70774b58,benign,anti_analysis,1,1,1,0
1da07ff2b1056ddc31c2fa6bb522b5dba68b41d6a9cbd637d0b08edbeee57804,ransomware,anti_analysis,1,1,1,0
1da4f312a8d8689570ed3847da4866c123245dafd80992f0ef0f75a17069c052,benign,network_staging,1,2,1,0
1db5d3b74204dd583efbced87f24cdbb3ee3654b8cdc833073fac34879809579,ransomware,privilege_manipulation,1,1,1,0
1db5d3b74204dd583efbced87f24cdbb3ee3654b8cdc833073fac34879809579,ransomware,anti_analysis,1,1,1,0
1e8e7f3c7075b860d9d196e265c9b7d0abe2bdb2c93d389bad568cf58995cf2d,ransomware,persistence,1,2,1,0
1f2927cef12908f6a383e9f7ece18f26b2bcee6f9024a190d19a7b9e83a3c80c,benign,persistence,1,2,1,0
1f409360b44aeb3a6023e953eab350ffb3eb8322f589e2422ab312288b33a2da,benign,network_staging,1,1,1,0
1f69def3f913632f3eff7a617cf0d536e2523319018d3372dc057ee0e279ff09,ransomware,anti_analysis,1,1,1,0
1fb49f6e12f6e451dc94a5af3b040f4d9d43aed931e46e6e9659d988cfa0b7a6,benign,anti_analysis,1,1,1,0
1fc2513878352ba7ec5f8a9fdb6bcd4653b6a14443ec65fd1a59a8fa1c8aa8a6,ransomware,process_interference,1,2,1,0
1fc2513878352ba7ec5f8a9fdb6bcd4653b6a14443ec65fd1a59a8fa1c8aa8a6,ransomware,execution_proxy,1,1,1,0
1fc2513878352ba7ec5f8a9fdb6bcd4653b6a14443ec65fd1a59a8fa1c8aa8a6,ransomware,anti_analysis,1,2,2,0
1ff15fe7a12719696a2858f5471b22accd77e431dbf5d585ea570598d85f5fe8,benign,anti_analysis,1,1,1,0
20322bdc840be0101a44c8b06dccc28c6b976572ecc44d227eb68dfd66c9b29b,benign,network_staging,1,1,1,0
20322bdc840be0101a44c8b06dccc28c6b976572ecc44d227eb68dfd66c9b29b,benign,network_staging,2,1,1,0
20322bdc840be0101a44c8b06dccc28c6b976572ecc44d227eb68dfd66c9b29b,benign,anti_analysis,1,1,1,0
206ea2068a69ecdcd11cc74e3ae719a980b3441485867eb224aa67ca20dfaeb6,benign,network_staging,1,2,1,0
209048bae69debd3cc0a022d482e7397216531dc699234fa8fb4020041c57aa8,ransomware,privilege_manipulation,1,1,1,0
209048bae69debd3cc0a022d482e7397216531dc699234fa8fb4020041c57aa8,ransomware,network_staging,1,1,1,0
209048bae69debd3cc0a022d482e7397216531dc699234fa8fb4020041c57aa8,ransomware,execution_proxy,1,1,1,0
209048bae69debd3cc0a022d482e7397216531dc699234fa8fb4020041c57aa8,ransomware,anti_analysis,1,1,1,0
210c6f413be18ff3ba11a0ba9886179cf98e73e43d3e0b366960d04b925e9283,ransomware,process_interference,1,2,2,0
2172c5c5f7fe1cbcbc2241e547c521c9fe1a47312aeb675331d3ff31e69c4f11,benign,network_staging,1,1,1,0
21c47a0490eba302657ef30c560e4af83777685ffe126dccac310163c47401d1,benign,persistence,1,1,1,0
21e9f4d26c6d2a273cfcaae51fbadf4e6573eda224b2944d8431fdb8263d8724,ransomware,network_staging,1,1,1,0
21e9f4d26c6d2a273cfcaae51fbadf4e6573eda224b2944d8431fdb8263d8724,ransomware,anti_analysis,1,1,1,0
22134d9cb7c73c4682df971fdfbada6adeb5c67339c5f024541c308c0b4f5c5f,ransomware,persistence,1,2,1,1
22134d9cb7c73c4682df971fdfbada6adeb5c67339c5f024541c308c0b4f5c5f,ransomware,execution_proxy,1,1,1,0
2226d226f5fa9254e215ccb373c6cd203ad2ad325a074d6232afb595cb07c455,ransomware,anti_analysis,1,2,1,0
222bd77c5692c2961e8c3638f6511d6f7cbeb9e0977e2d5c3bca6739a5311f37,benign,anti_analysis,1,1,1,0
223edbbf95d6dff17714b8dc91bbc842c7e57497b9785981bd79936f3879ee13,benign,anti_analysis,1,2,1,0
224a4b2c78a5e98d9eff957840d9b44d5bcb8e0a934280832b9ff782dd9a553f,ransomware,persistence,1,2,2,0
224a4b2c78a5e98d9eff957840d9b44d5bcb8e0a934280832b9ff782dd9a553f,ransomware,process_interference,1,1,1,0
224a4b2c78a5e98d9eff957840d9b44d5bcb8e0a934280832b9ff782dd9a553f,ransomware,execution_proxy,1,1,1,0
224a4b2c78a5e98d9eff957840d9b44d5bcb8e0a934280832b9ff782dd9a553f,ransomware,anti_analysis,1,1,1,0
22ab8544fb6370a99f222630553aa14cdebb18b9e42d85c4008b375c11c3b430,ransomware,privilege_manipulation,1,2,1,0
22d63c0ca31019e77eb995fed035cac211e6d82e24e6d54105e26adc0c2d0373,ransomware,persistence,1,1,1,0
22d63c0ca31019e77eb995fed035cac211e6d82e24e6d54105e26adc0c2d0373,ransomware,anti_analysis,1,2,1,0
231d1a4623ce9f82889c8b4b8d6b9c9230c8dde253b25c8afca2375d28e7d3fa,ransomware,persistence,1,1,1,0
2362d77a533e3c791d6c0475886bd2a3ca81180834c99862f3626db1122078d1,ransomware,anti_analysis,1,1,1,0
23ba109bfdc813a9134165e82cd76bcf4e9adcc6a32155169d9f587c35a738ad,ransomware,privilege_manipulation,1,1,1,0
23e0cdec4413a50714c9ed517d00640566ee8c845f642ff6050d73baf5a59205,benign,network_staging,1,2,1,0
2468803147f2f22897ae2147572473e798f0b035edf4ec6c4b3db48b93e42181,benign,anti_analysis,1,1,1,0
24806a49a3c2ddeeb048b7b97fd99591e206ae91e1afec71ee149ec88fd91cb0,ransomware,persistence,1,2,1,0
24c8d4937e2a61b494dd55a6f9dca976cd05c7efab23dffe026473ef265ba6ea,benign,anti_analysis,1,1,1,0
24dea22f970243f7524e6b83e6b5e9fd62a5e63bd750ce5c6253b3313be7af04,benign,persistence,1,2,2,0
24dea22f970243f7524e6b83e6b5e9fd62a5e63bd750ce5c6253b3313be7af04,benign,network_staging,1,2,1,0
2545ec0d17c3b1cdcbf59f4bf29be0ee5d1c983bf6824f01bb103ad062898d3e,ransomware,privilege_manipulation,1,1,1,0
2553cf125f93610ed057307486b8b07a9b3924e61981eb536b41441688ef14b0,benign,execution_proxy,1,2,2,0
25637cc97a6bef02861ea219ebce72e3a3d51b7ddb4bfd48014c0ea6dc14e52e,ransomware,privilege_manipulation,1,2,1,0
25637cc97a6bef02861ea219ebce72e3a3d51b7ddb4bfd48014c0ea6dc14e52e,ransomware,process_interference,1,1,1,0
25f20ef28263e99e3dc92429d9ffc3e1b3ab938c793ea47b3cd878ffd96863a7,benign,network_staging,1,1,1,0
263303ca00a02457cece2cfb4f1cd722c062bb52aee273cb68cc859c4886992d,ransomware,anti_analysis,1,2,1,0
266aa1bf199f3bd82bc8e708c177aeef4808e31c439f87d69b68efb8e07da996,ransomware,process_interference,1,2,2,0
266aa1bf199f3bd82bc8e708c177aeef4808e31c439f87d69b68efb8e07da996,ransomware,anti_analysis,1,2,1,0
26f788e2d4e1c680459c06687a8bd20ef433768f162bb21ed747b3c0d3221953,benign,network_staging,1,1,1,0
27056432b64ff5ad814e3e350398af7dcb3a90e4c4355006f1fd3518209f1743,ransomware,persistence,1,2,2,0
27056432b64ff5ad814e3e350398af7dcb3a90e4c4355006f1fd3518209f1743,ransomware,execution_proxy,1,2,2,0
278112b324b4baf0de15924dd94225df2579d2e5e23a16a270c11e55e5f7384f,ransomware,privilege_manipulation,1,2,1,0
278602e0e25139b378571d9d5e95ba42486fe2f32fb80c1ceaa55e4746a3a7cc,ransomware,anti_analysis,1,2,1,0
27f2937e5d1008539ff2d046ea489a751080ec6b8ea1b2bda2fc703120a3615a,benign,network_staging,1,2,1,0
2800e64b622ddc3ecf77850619fd2b0ed6178c8db0aa29dc86ddb5aa65c8a794,benign,persistence,1,1,1,0
28353ff1dd781336c7037ff3967ce379a7d25c82280a136f5493139057c2ae08,benign,anti_analysis,1,1,1,0
288c701bdedf1d45c63dd0b7d424a752f8819f90feb5088c582f76bc98970ba3,benign,execution_proxy,1,1,1,0
288c701bdedf1d45c63dd0b7d424a752f8819f90feb5088c582f76bc98970ba3,benign,anti_analysis,1,2,2,0
289b423e248ccbdf95184c549f8f16cef29706fe9532ee167393ff171a262120,benign,persistence,1,2,1,0
28cea00267fa30fb63e80a3c3b193bd9cd2a3d46dd9ae6cede5f932ac15c7e2e,ransomware,persistence,1,2,1,0
29092750682566d420a46be4a726d431a956dcbd590d5ba1e77172f6d29a4a30,benign,privilege_manipulation,1,1,1,0
2910ebc692d833d949bfd56059e8106d324a276d5f165f874f3fb1b6c613cdd5,benign,persistence,1,2,1,0
29a065241f77533ca920a63b8f779c547f6114741bb943e9756e71654438b819,benign,anti_analysis,1,1,1,0
2a5543efdf3b8983e20887a6775cafff04b0a8cec9ca3f484ad00be220479c43,benign,execution_proxy,1,2,1,0
2a992312482b32a16b7cd793b817e9e22b1c237781b9ae26aa6b1ee04065369f,benign,privilege_manipulation,1,2,1,0
2ab8be750cfff1e3f3ef424f2c608955f7c6ae3d7b18a44054fdd0bf2801fee8,benign,privilege_manipulation,1,2,1,0
2ab8be750cfff1e3f3ef424f2c608955f7c6ae3d7b18a44054fdd0bf2801fee8,benign,anti_analysis,1,1,1,0
2b6c688c5c9a6ffb52c6fbac9302ebb645522223e7efb67affecd5260043eaf7,benign,persistence,1,2,2,2
2b6c688c5c9a6ffb52c6fbac9302ebb645522223e7efb67affecd5260043eaf7,benign,execution_proxy,1,2,2,2
2b6c688c5c9a6ffb52c6fbac9302ebb645522223e7efb67affecd5260043eaf7,benign,anti_analysis,1,1,1,0
2b6ec0692a09e5943c5bba0e3aefc746e96412e1836c84b1857b4dcf242dd28b,benign,execution_proxy,1,2,2,0
2b6ec0692a09e5943c5bba0e3aefc746e96412e1836c84b1857b4dcf242dd28b,benign,anti_analysis,1,1,1,0
2b929f420b98382fa1c9f05743c3f56244f522f113bf175f888cedaac78daed8,benign,persistence,1,2,1,1
2b929f420b98382fa1c9f05743c3f56244f522f113bf175f888cedaac78daed8,benign,execution_proxy,1,2,1,1
2b9dc21d8f535e8195b889f5b55ae6a4b4500d7c27134e97c60efe785868abd6,benign,anti_analysis,1,1,1,0
2c2b975dae6643d3cc5b93b6b58266c0b7e752651fb73b512eca44fadb8ab839,benign,anti_analysis,1,1,1,0
2d3af1a4c4733d01c46ab82cb7e8ff0392db91db207ca9437a956c9bc5e2186a,benign,anti_analysis,1,2,2,0
2d42e32959e507928437d7b750d967aa1a6e849bbc039ca3c541edb32469e515,benign,network_staging,1,1,1,0
2d51e6e95c92776c4217aab5db68e1e464ea73fae27c9825f3ee5241d634b870,benign,anti_analysis,1,2,2,0
2da07df65d38bbd422080a32de2c5fa0b565c7b4779360c12cc37240736e76a7,benign,network_staging,1,1,1,0
2db85b86c839341f2a879a6d25f787d17ee665d425c1bac3e1f82bac61f89f94,benign,anti_analysis,1,1,1,0
2deb595b76334beeb3e50afa05f50de9461372069fa7dd05cd033ba03d03567b,benign,network_staging,1,1,1,0
2e33479a6b7859c5071f78c1021193090ea965ce143023c9566f4b359b2cc27f,benign,anti_analysis,1,1,1,0
2f13272185451d0f1b914c17f2e8c777acb0bb7d13fce940e0bffc587431b756,benign,network_staging,1,2,1,0
2feb0ec6078f45a87ba0d1590c986d35f1fc7626cb4bbb353d601952bb30fe63,benign,anti_analysis,1,1,1,0
3060fa795fc6ac4cd7dde883ec928173fe187655ff9c50314dd3652067a02a8c,benign,anti_analysis,1,1,1,0
30c6e6db84664c88b343fde9393a2e37145bff80c4ecf88c20f3766e29c16542,benign,execution_proxy,1,2,1,0
30f741f1e532873c2dae4a6270a42cdb62aac2dcdf510781df150ddf19505f44,benign,execution_proxy,1,2,2,0
30ff0f0163cbd8c4b1b2e3e46fb5b457252502c1527208532877f5f7feb3c09e,benign,anti_analysis,1,1,1,0
3108c3dcc2a801db0c0516eabdebdd83ca5fcfd10116093f4451b4bd3c520e4e,benign,process_interference,1,1,1,0
3108c3dcc2a801db0c0516eabdebdd83ca5fcfd10116093f4451b4bd3c520e4e,benign,anti_analysis,1,1,1,0
31673839fb5a8b52c67c4d39fb9a24662db317d76f32fc348bdd80c7df7d8c71,benign,anti_analysis,1,1,1,0
3185028a0b3d461dd08921229327e21fdd18ef56ee4c052da06a9b2daaed6fb5,benign,anti_analysis,1,2,2,0
327d4c8beb35b2a828ff2fd31862c98b5852d7b1ce7a997745743a86586ac6dc,benign,network_staging,1,1,1,0
327d4c8beb35b2a828ff2fd31862c98b5852d7b1ce7a997745743a86586ac6dc,benign,anti_analysis,1,1,1,0
32d3b0b328ae730a883d94c8017587529220f95ad8a0d66cb3f9729d4298e7b1,benign,anti_analysis,1,1,1,0
33dd53da8ce9d9a3fc7fa123c3b24f4dd86708e0acb7472131f6cbaa685cfe3b,benign,anti_analysis,1,1,1,0
34748b588e9188e43e1720be3764472012d78616df4911b59713518fbeeb1925,benign,anti_analysis,1,1,1,0
34873bd55927c71a4295fecb8359a173af7a225f75f9e1b0d8bd19a3c5482ec0,benign,network_staging,1,2,1,0
34873bd55927c71a4295fecb8359a173af7a225f75f9e1b0d8bd19a3c5482ec0,benign,anti_analysis,1,1,1,0
34951ea4e97a6ff984664f7898eb4b374d6a6b576142ff09ae483c5be5920524,benign,anti_analysis,1,1,1,0
349e8acf6e570a51c265ac19c4971c7beca96820a8298d559e2db6199c03c5a6,benign,network_staging,1,1,1,0
349e8acf6e570a51c265ac19c4971c7beca96820a8298d559e2db6199c03c5a6,benign,network_staging,2,1,1,0
