label,capability,fragility_cohort_n,baseline_supported,computed_within_bound,computed_rate,computed_rate_ci_low,computed_rate_ci_high,no_disruption_within_bound,pareto_points,median_atom_cost,median_atom_cost_ci_low,median_atom_cost_ci_high,median_field_cost,median_collateral_cost,max_collateral_cost
benign,file_impact,150,139,0,0.0,-1.734723475976807e-18,0.026894126080917603,139,0,NA,NA,NA,NA,NA,NA
benign,backup_impairment,150,1,0,0.0,0.0,0.7934567085261071,1,0,NA,NA,NA,NA,NA,NA
benign,persistence,150,73,18,0.2465753424657534,0.16204336317654708,0.3564466214151324,55,18,2.0,1.0,2.0,1.0,0.0,2
benign,privilege_manipulation,150,20,5,0.25,0.11186005278940309,0.4687050099580636,15,5,2.0,1.0,2.0,1.0,0.0,0
benign,process_interference,150,4,3,0.75,0.3006360524426366,0.9544139373553637,1,3,1.0,1.0,2.0,1.0,0.0,0
benign,network_staging,150,103,22,0.21359223300970873,0.14549640074609002,0.3022842390047187,81,25,1.0,1.0,2.0,1.0,0.0,0
benign,execution_proxy,150,50,13,0.26,0.15871379651367384,0.3955342198899992,37,13,2.0,2.0,2.0,1.0,0.0,2
benign,anti_analysis,150,60,39,0.65,0.5236238380947751,0.7583239827618451,21,39,1.0,1.0,1.0,1.0,0.0,0
benign,ransomware_impact,150,46,0,0.0,-6.938893903907228e-18,0.07707617732978073,46,0,NA,NA,NA,NA,NA,NA
ransomware,file_impact,150,144,0,0.0,0.0,0.025984567266588023,144,0,NA,NA,NA,NA,NA,NA
ransomware,backup_impairment,150,3,0,0.0,0.0,0.5615060804490177,3,0,NA,NA,NA,NA,NA,NA
ransomware,persistence,150,111,21,0.1891891891891892,0.12720241592903933,0.27197000939418847,90,21,1.0,1.0,2.0,1.0,0.0,1
ransomware,privilege_manipulation,150,78,19,0.24358974358974358,0.16185113739317142,0.3493998645422746,59,19,1.0,1.0,2.0,1.0,0.0,0
ransomware,process_interference,150,26,17,0.6538461538461539,0.46220229009632996,0.8058798502714787,9,17,1.0,1.0,1.0,1.0,0.0,0
ransomware,network_staging,150,130,7,0.05384615384615385,0.02632462376477393,0.10697922197526502,123,8,1.0,1.0,2.0,1.0,0.0,0
ransomware,execution_proxy,150,84,29,0.34523809523809523,0.2523486284686916,0.45166404889601935,55,29,1.0,1.0,2.0,1.0,0.0,0
ransomware,anti_analysis,150,110,50,0.45454545454545453,0.364597551188735,0.5475610973193676,60,50,1.0,1.0,2.0,1.0,0.0,0
ransomware,ransomware_impact,150,80,1,0.0125,0.002209918618306224,0.06746432423965451,79,4,1.0,1.0,1.0,1.0,0.0,0
