scenario,label,capability,supported_rate,not_supported_rate,indeterminate_rate,support_rate_delta_from_frozen,state_agreement,state_kappa
frozen,benign,file_impact,0.945,0.0,0.055,0.0,1.0,1.0
frozen,benign,backup_impairment,0.007,0.868,0.125,0.0,1.0,1.0
frozen,benign,persistence,0.546,0.335,0.119,0.0,1.0,1.0
frozen,benign,privilege_manipulation,0.176,0.798,0.026,0.0,1.0,1.0
frozen,benign,process_interference,0.063,0.857,0.08,0.0,1.0,1.0
frozen,benign,network_staging,0.642,0.165,0.193,0.0,1.0,1.0
frozen,benign,execution_proxy,0.429,0.474,0.097,0.0,1.0,1.0
frozen,benign,anti_analysis,0.43,0.542,0.028,0.0,1.0,1.0
frozen,benign,ransomware_impact,0.339,0.481,0.18,0.0,1.0,1.0
frozen,ransomware,file_impact,0.958,0.0,0.042,0.0,1.0,1.0
frozen,ransomware,backup_impairment,0.058,0.921,0.021,0.0,1.0,1.0
frozen,ransomware,persistence,0.717,0.268,0.015,0.0,1.0,1.0
frozen,ransomware,privilege_manipulation,0.535,0.458,0.007,0.0,1.0,1.0
frozen,ransomware,process_interference,0.186,0.796,0.018,0.0,1.0,1.0
frozen,ransomware,network_staging,0.915,0.054,0.031,0.0,1.0,1.0
frozen,ransomware,execution_proxy,0.49,0.498,0.012,0.0,1.0,1.0
frozen,ransomware,anti_analysis,0.644,0.345,0.011,0.0,1.0,1.0
frozen,ransomware,ransomware_impact,0.514,0.425,0.061,0.0,1.0,1.0
file_events_5,benign,file_impact,0.97,0.0,0.03,0.025000000000000022,0.975,0.6940024479804161
file_events_5,benign,backup_impairment,0.007,0.868,0.125,0.0,1.0,1.0
file_events_5,benign,persistence,0.546,0.335,0.119,0.0,1.0,1.0
file_events_5,benign,privilege_manipulation,0.176,0.798,0.026,0.0,1.0,1.0
file_events_5,benign,process_interference,0.063,0.857,0.08,0.0,1.0,1.0
file_events_5,benign,network_staging,0.642,0.165,0.193,0.0,1.0,1.0
file_events_5,benign,execution_proxy,0.429,0.474,0.097,0.0,1.0,1.0
file_events_5,benign,anti_analysis,0.43,0.542,0.028,0.0,1.0,1.0
file_events_5,benign,ransomware_impact,0.949,0.0,0.051,0.6099999999999999,0.39,0.08833986689762063
file_events_5,ransomware,file_impact,0.969,0.0,0.031,0.01100000000000001,0.989,0.8437411216546394
file_events_5,ransomware,backup_impairment,0.058,0.921,0.021,0.0,1.0,1.0
file_events_5,ransomware,persistence,0.717,0.268,0.015,0.0,1.0,1.0
file_events_5,ransomware,privilege_manipulation,0.535,0.458,0.007,0.0,1.0,1.0
file_events_5,ransomware,process_interference,0.186,0.796,0.018,0.0,1.0,1.0
file_events_5,ransomware,network_staging,0.915,0.054,0.031,0.0,1.0,1.0
file_events_5,ransomware,execution_proxy,0.49,0.498,0.012,0.0,1.0,1.0
file_events_5,ransomware,anti_analysis,0.644,0.345,0.011,0.0,1.0,1.0
file_events_5,ransomware,ransomware_impact,0.962,0.005,0.033,0.44799999999999995,0.552,0.10649110280537866
file_events_20,benign,file_impact,0.909,0.0,0.091,-0.03599999999999992,0.964,0.7352746525479814
file_events_20,benign,backup_impairment,0.007,0.868,0.125,0.0,1.0,1.0
file_events_20,benign,persistence,0.546,0.335,0.119,0.0,1.0,1.0
file_events_20,benign,privilege_manipulation,0.176,0.798,0.026,0.0,1.0,1.0
file_events_20,benign,process_interference,0.063,0.857,0.08,0.0,1.0,1.0
file_events_20,benign,network_staging,0.642,0.165,0.193,0.0,1.0,1.0
file_events_20,benign,execution_proxy,0.429,0.474,0.097,0.0,1.0,1.0
file_events_20,benign,anti_analysis,0.43,0.542,0.028,0.0,1.0,1.0
file_events_20,benign,ransomware_impact,0.901,0.008,0.091,0.562,0.438,0.16658386880072584
file_events_20,ransomware,file_impact,0.949,0.0,0.051,-0.009000000000000008,0.991,0.898552684972271
file_events_20,ransomware,backup_impairment,0.058,0.921,0.021,0.0,1.0,1.0
file_events_20,ransomware,persistence,0.717,0.268,0.015,0.0,1.0,1.0
file_events_20,ransomware,privilege_manipulation,0.535,0.458,0.007,0.0,1.0,1.0
file_events_20,ransomware,process_interference,0.186,0.796,0.018,0.0,1.0,1.0
file_events_20,ransomware,network_staging,0.915,0.054,0.031,0.0,1.0,1.0
file_events_20,ransomware,execution_proxy,0.49,0.498,0.012,0.0,1.0,1.0
file_events_20,ransomware,anti_analysis,0.644,0.345,0.011,0.0,1.0,1.0
file_events_20,ransomware,ransomware_impact,0.947,0.008,0.045,0.43299999999999994,0.567,0.14611997310179325
impact_events_10,benign,file_impact,0.945,0.0,0.055,0.0,1.0,1.0
impact_events_10,benign,backup_impairment,0.007,0.868,0.125,0.0,1.0,1.0
impact_events_10,benign,persistence,0.546,0.335,0.119,0.0,1.0,1.0
impact_events_10,benign,privilege_manipulation,0.176,0.798,0.026,0.0,1.0,1.0
impact_events_10,benign,process_interference,0.063,0.857,0.08,0.0,1.0,1.0
impact_events_10,benign,network_staging,0.642,0.165,0.193,0.0,1.0,1.0
impact_events_10,benign,execution_proxy,0.429,0.474,0.097,0.0,1.0,1.0
impact_events_10,benign,anti_analysis,0.43,0.542,0.028,0.0,1.0,1.0
impact_events_10,benign,ransomware_impact,0.924,0.002,0.074,0.585,0.415,0.13008824028003718
impact_events_10,ransomware,file_impact,0.958,0.0,0.042,0.0,1.0,1.0
impact_events_10,ransomware,backup_impairment,0.058,0.921,0.021,0.0,1.0,1.0
impact_events_10,ransomware,persistence,0.717,0.268,0.015,0.0,1.0,1.0
impact_events_10,ransomware,privilege_manipulation,0.535,0.458,0.007,0.0,1.0,1.0
impact_events_10,ransomware,process_interference,0.186,0.796,0.018,0.0,1.0,1.0
impact_events_10,ransomware,network_staging,0.915,0.054,0.031,0.0,1.0,1.0
impact_events_10,ransomware,execution_proxy,0.49,0.498,0.012,0.0,1.0,1.0
impact_events_10,ransomware,anti_analysis,0.644,0.345,0.011,0.0,1.0,1.0
impact_events_10,ransomware,ransomware_impact,0.951,0.006,0.043,0.43699999999999994,0.563,0.13638582407961852
impact_events_40,benign,file_impact,0.945,0.0,0.055,0.0,1.0,1.0
impact_events_40,benign,backup_impairment,0.007,0.868,0.125,0.0,1.0,1.0
impact_events_40,benign,persistence,0.546,0.335,0.119,0.0,1.0,1.0
impact_events_40,benign,privilege_manipulation,0.176,0.798,0.026,0.0,1.0,1.0
impact_events_40,benign,process_interference,0.063,0.857,0.08,0.0,1.0,1.0
impact_events_40,benign,network_staging,0.642,0.165,0.193,0.0,1.0,1.0
impact_events_40,benign,execution_proxy,0.429,0.474,0.097,0.0,1.0,1.0
impact_events_40,benign,anti_analysis,0.43,0.542,0.028,0.0,1.0,1.0
impact_events_40,benign,ransomware_impact,0.924,0.002,0.074,0.585,0.415,0.13008824028003718
impact_events_40,ransomware,file_impact,0.958,0.0,0.042,0.0,1.0,1.0
impact_events_40,ransomware,backup_impairment,0.058,0.921,0.021,0.0,1.0,1.0
impact_events_40,ransomware,persistence,0.717,0.268,0.015,0.0,1.0,1.0
impact_events_40,ransomware,privilege_manipulation,0.535,0.458,0.007,0.0,1.0,1.0
impact_events_40,ransomware,process_interference,0.186,0.796,0.018,0.0,1.0,1.0
impact_events_40,ransomware,network_staging,0.915,0.054,0.031,0.0,1.0,1.0
impact_events_40,ransomware,execution_proxy,0.49,0.498,0.012,0.0,1.0,1.0
impact_events_40,ransomware,anti_analysis,0.644,0.345,0.011,0.0,1.0,1.0
impact_events_40,ransomware,ransomware_impact,0.951,0.006,0.043,0.43699999999999994,0.563,0.13638582407961852
network_no_file_staging,benign,file_impact,0.945,0.0,0.055,0.0,1.0,1.0
network_no_file_staging,benign,backup_impairment,0.007,0.868,0.125,0.0,1.0,1.0
network_no_file_staging,benign,persistence,0.546,0.335,0.119,0.0,1.0,1.0
network_no_file_staging,benign,privilege_manipulation,0.176,0.798,0.026,0.0,1.0,1.0
network_no_file_staging,benign,process_interference,0.063,0.857,0.08,0.0,1.0,1.0
network_no_file_staging,benign,network_staging,0.602,0.205,0.193,-0.040000000000000036,0.96,0.9262593973180543
network_no_file_staging,benign,execution_proxy,0.429,0.474,0.097,0.0,1.0,1.0
network_no_file_staging,benign,anti_analysis,0.43,0.542,0.028,0.0,1.0,1.0
network_no_file_staging,benign,ransomware_impact,0.924,0.002,0.074,0.585,0.415,0.13008824028003718
network_no_file_staging,ransomware,file_impact,0.958,0.0,0.042,0.0,1.0,1.0
network_no_file_staging,ransomware,backup_impairment,0.058,0.921,0.021,0.0,1.0,1.0
network_no_file_staging,ransomware,persistence,0.717,0.268,0.015,0.0,1.0,1.0
network_no_file_staging,ransomware,privilege_manipulation,0.535,0.458,0.007,0.0,1.0,1.0
network_no_file_staging,ransomware,process_interference,0.186,0.796,0.018,0.0,1.0,1.0
network_no_file_staging,ransomware,network_staging,0.903,0.066,0.031,-0.01200000000000001,0.988,0.9290905867753945
network_no_file_staging,ransomware,execution_proxy,0.49,0.498,0.012,0.0,1.0,1.0
network_no_file_staging,ransomware,anti_analysis,0.644,0.345,0.011,0.0,1.0,1.0
network_no_file_staging,ransomware,ransomware_impact,0.951,0.006,0.043,0.43699999999999994,0.563,0.13638582407961852
tokens_minus_20pct,benign,file_impact,0.945,0.0,0.055,0.0,1.0,1.0
tokens_minus_20pct,benign,backup_impairment,0.006,0.869,0.125,-0.001,0.999,0.9956529488221665
tokens_minus_20pct,benign,persistence,0.546,0.335,0.119,0.0,1.0,1.0
tokens_minus_20pct,benign,privilege_manipulation,0.166,0.808,0.026,-0.009999999999999981,0.99,0.969261413237265
tokens_minus_20pct,benign,process_interference,0.06,0.859,0.081,-0.0030000000000000027,0.997,0.9881692740272185
tokens_minus_20pct,benign,network_staging,0.642,0.165,0.193,0.0,1.0,1.0
tokens_minus_20pct,benign,execution_proxy,0.427,0.476,0.097,-0.0020000000000000018,0.998,0.9965622980350095
tokens_minus_20pct,benign,anti_analysis,0.43,0.542,0.028,0.0,1.0,1.0
tokens_minus_20pct,benign,ransomware_impact,0.924,0.002,0.074,0.585,0.415,0.13008824028003718
tokens_minus_20pct,ransomware,file_impact,0.958,0.0,0.042,0.0,1.0,1.0
tokens_minus_20pct,ransomware,backup_impairment,0.058,0.921,0.021,0.0,1.0,1.0
tokens_minus_20pct,ransomware,persistence,0.717,0.268,0.015,0.0,1.0,1.0
tokens_minus_20pct,ransomware,privilege_manipulation,0.462,0.531,0.007,-0.07300000000000001,0.927,0.8567456135703114
tokens_minus_20pct,ransomware,process_interference,0.178,0.804,0.018,-0.008000000000000007,0.992,0.975504005095167
tokens_minus_20pct,ransomware,network_staging,0.915,0.054,0.031,0.0,1.0,1.0
tokens_minus_20pct,ransomware,execution_proxy,0.489,0.499,0.012,-0.0010000000000000009,0.999,0.9980458979489745
tokens_minus_20pct,ransomware,anti_analysis,0.631,0.358,0.011,-0.013000000000000012,0.987,0.9723407197795768
tokens_minus_20pct,ransomware,ransomware_impact,0.951,0.006,0.043,0.43699999999999994,0.563,0.13638582407961852
