scenario,label,capability,supported_rate,not_supported_rate,indeterminate_rate,mean_assessability
frozen,benign,file_impact,0.94,0.0,0.06,0.8755555555555555
frozen,benign,backup_impairment,0.01,0.83,0.16,0.8755555555555555
frozen,benign,persistence,0.46,0.39,0.15,0.8755555555555555
frozen,benign,privilege_manipulation,0.15,0.8,0.05,0.8755555555555555
frozen,benign,process_interference,0.03,0.88,0.09,0.8755555555555555
frozen,benign,network_staging,0.68,0.08,0.24,0.8755555555555555
frozen,benign,execution_proxy,0.26,0.65,0.09,0.8755555555555555
frozen,benign,anti_analysis,0.33,0.62,0.05,0.8755555555555555
frozen,benign,ransomware_impact,0.24,0.53,0.23,0.8755555555555555
frozen,ransomware,file_impact,0.96,0.0,0.04,0.9611111111111111
frozen,ransomware,backup_impairment,0.03,0.93,0.04,0.9611111111111111
frozen,ransomware,persistence,0.76,0.2,0.04,0.9611111111111111
frozen,ransomware,privilege_manipulation,0.52,0.47,0.01,0.9611111111111111
frozen,ransomware,process_interference,0.14,0.83,0.03,0.9611111111111111
frozen,ransomware,network_staging,0.87,0.07,0.06,0.9611111111111111
frozen,ransomware,execution_proxy,0.57,0.4,0.03,0.9611111111111111
frozen,ransomware,anti_analysis,0.75,0.22,0.03,0.9611111111111111
frozen,ransomware,ransomware_impact,0.55,0.38,0.07,0.9611111111111111
min_fields_minus_one,benign,file_impact,0.94,0.0,0.06,0.92
min_fields_minus_one,benign,backup_impairment,0.01,0.87,0.12,0.92
min_fields_minus_one,benign,persistence,0.46,0.43,0.11,0.92
min_fields_minus_one,benign,privilege_manipulation,0.15,0.85,0.0,0.92
min_fields_minus_one,benign,process_interference,0.03,0.88,0.09,0.92
min_fields_minus_one,benign,network_staging,0.68,0.14,0.18,0.92
min_fields_minus_one,benign,execution_proxy,0.26,0.71,0.03,0.92
min_fields_minus_one,benign,anti_analysis,0.33,0.67,0.0,0.92
min_fields_minus_one,benign,ransomware_impact,0.24,0.63,0.13,0.92
min_fields_minus_one,ransomware,file_impact,0.96,0.0,0.04,0.9733333333333333
min_fields_minus_one,ransomware,backup_impairment,0.03,0.94,0.03,0.9733333333333333
min_fields_minus_one,ransomware,persistence,0.76,0.22,0.02,0.9733333333333333
min_fields_minus_one,ransomware,privilege_manipulation,0.52,0.47,0.01,0.9733333333333333
min_fields_minus_one,ransomware,process_interference,0.14,0.83,0.03,0.9733333333333333
min_fields_minus_one,ransomware,network_staging,0.87,0.09,0.04,0.9733333333333333
min_fields_minus_one,ransomware,execution_proxy,0.57,0.43,0.0,0.9733333333333333
min_fields_minus_one,ransomware,anti_analysis,0.75,0.24,0.01,0.9733333333333333
min_fields_minus_one,ransomware,ransomware_impact,0.55,0.39,0.06,0.9733333333333333
min_atoms_plus_50pct,benign,file_impact,0.94,0.0,0.06,0.8555555555555556
min_atoms_plus_50pct,benign,backup_impairment,0.01,0.82,0.17,0.8555555555555556
min_atoms_plus_50pct,benign,persistence,0.46,0.37,0.17,0.8555555555555556
min_atoms_plus_50pct,benign,privilege_manipulation,0.15,0.8,0.05,0.8555555555555556
min_atoms_plus_50pct,benign,process_interference,0.03,0.79,0.18,0.8555555555555556
min_atoms_plus_50pct,benign,network_staging,0.68,0.08,0.24,0.8555555555555556
min_atoms_plus_50pct,benign,execution_proxy,0.26,0.65,0.09,0.8555555555555556
min_atoms_plus_50pct,benign,anti_analysis,0.33,0.62,0.05,0.8555555555555556
min_atoms_plus_50pct,benign,ransomware_impact,0.24,0.47,0.29,0.8555555555555556
min_atoms_plus_50pct,ransomware,file_impact,0.96,0.0,0.04,0.9577777777777777
min_atoms_plus_50pct,ransomware,backup_impairment,0.03,0.93,0.04,0.9577777777777777
min_atoms_plus_50pct,ransomware,persistence,0.76,0.2,0.04,0.9577777777777777
min_atoms_plus_50pct,ransomware,privilege_manipulation,0.52,0.47,0.01,0.9577777777777777
min_atoms_plus_50pct,ransomware,process_interference,0.14,0.82,0.04,0.9577777777777777
min_atoms_plus_50pct,ransomware,network_staging,0.87,0.05,0.08,0.9577777777777777
min_atoms_plus_50pct,ransomware,execution_proxy,0.57,0.4,0.03,0.9577777777777777
min_atoms_plus_50pct,ransomware,anti_analysis,0.75,0.22,0.03,0.9577777777777777
min_atoms_plus_50pct,ransomware,ransomware_impact,0.55,0.38,0.07,0.9577777777777777
readiness_0.50,benign,file_impact,0.94,0.0,0.06,0.8755555555555555
readiness_0.50,benign,backup_impairment,0.01,0.83,0.16,0.8755555555555555
readiness_0.50,benign,persistence,0.46,0.39,0.15,0.8755555555555555
readiness_0.50,benign,privilege_manipulation,0.15,0.8,0.05,0.8755555555555555
readiness_0.50,benign,process_interference,0.03,0.88,0.09,0.8755555555555555
readiness_0.50,benign,network_staging,0.68,0.08,0.24,0.8755555555555555
readiness_0.50,benign,execution_proxy,0.26,0.65,0.09,0.8755555555555555
readiness_0.50,benign,anti_analysis,0.33,0.62,0.05,0.8755555555555555
readiness_0.50,benign,ransomware_impact,0.24,0.53,0.23,0.8755555555555555
readiness_0.50,ransomware,file_impact,0.96,0.0,0.04,0.9611111111111111
readiness_0.50,ransomware,backup_impairment,0.03,0.93,0.04,0.9611111111111111
readiness_0.50,ransomware,persistence,0.76,0.2,0.04,0.9611111111111111
readiness_0.50,ransomware,privilege_manipulation,0.52,0.47,0.01,0.9611111111111111
readiness_0.50,ransomware,process_interference,0.14,0.83,0.03,0.9611111111111111
readiness_0.50,ransomware,network_staging,0.87,0.07,0.06,0.9611111111111111
readiness_0.50,ransomware,execution_proxy,0.57,0.4,0.03,0.9611111111111111
readiness_0.50,ransomware,anti_analysis,0.75,0.22,0.03,0.9611111111111111
readiness_0.50,ransomware,ransomware_impact,0.55,0.38,0.07,0.9611111111111111
