scope,predictor,outcome,n,spearman_rho,p_value,bootstrap_ci_low,bootstrap_ci_high
all,atom_count,corroboration_rate,1984,0.011266030411334744,0.6160104956715511,-0.03699990047536524,0.05752332780947949
all,atom_count,single_field_rate,1984,-0.011266030411334744,0.6160104956715511,-0.05263360303943506,0.03403558891516755
all,atom_count,mean_support_fields,1984,0.31572204938532605,3.624115087728081e-47,0.2715847840879591,0.36022830581117304
all,json_bytes,corroboration_rate,1984,-0.01976281009567781,0.3789630554899499,-0.06263939720134785,0.027485378590040417
all,json_bytes,single_field_rate,1984,0.01976281009567781,0.3789630554899499,-0.0246007248393315,0.06823260959745253
all,json_bytes,mean_support_fields,1984,0.2795157054377639,6.201399764784106e-37,0.22900290352057223,0.3227520108743587
all,readiness,corroboration_rate,1984,0.2815563683781235,1.7968040109119103e-37,0.23189107455232988,0.33049108659317705
all,readiness,single_field_rate,1984,-0.2815563683781235,1.7968040109119103e-37,-0.3275527990964709,-0.23695299293840247
all,readiness,mean_support_fields,1984,0.4524429277982184,1.0486631674356064e-100,0.41315061867168057,0.4871256350479685
benign,atom_count,corroboration_rate,991,0.04040217295546978,0.20380684127914517,-0.024549001346551986,0.09769961545925684
benign,atom_count,single_field_rate,991,-0.04040217295546978,0.20380684127914517,-0.10551984866057225,0.022731231262493247
benign,atom_count,mean_support_fields,991,0.21767849075832424,4.294546220325469e-12,0.15396891327725093,0.28218490101255006
benign,json_bytes,corroboration_rate,991,-0.00019095692155012223,0.9952097164006094,-0.06930685093833137,0.06790755209391623
benign,json_bytes,single_field_rate,991,0.00019095692155012223,0.9952097164006094,-0.06308282287437374,0.06135336613838785
benign,json_bytes,mean_support_fields,991,0.16375122352949914,2.1783736214575236e-07,0.09840071952126477,0.23033522319706565
benign,readiness,corroboration_rate,991,0.40386662585934807,3.5953054955138773e-40,0.3425075210445019,0.4594404839575403
benign,readiness,single_field_rate,991,-0.40386662585934807,3.5953054955138773e-40,-0.45632785333027787,-0.33751107827309174
benign,readiness,mean_support_fields,991,0.5275386788055747,4.3562722204668074e-72,0.47900051387602804,0.56711578330115
ransomware,atom_count,corroboration_rate,993,0.13939713750799332,1.040037116508272e-05,0.07422656223235119,0.20419170188105923
ransomware,atom_count,single_field_rate,993,-0.13939713750799332,1.040037116508272e-05,-0.20241127220440766,-0.07442408055380917
ransomware,atom_count,mean_support_fields,993,0.17508696260128084,2.802871715091925e-08,0.10095646031095444,0.2420193742622906
ransomware,json_bytes,corroboration_rate,993,0.09829525619023924,0.0019281513567217718,0.03240209457842483,0.1635766000516004
ransomware,json_bytes,single_field_rate,993,-0.09829525619023924,0.0019281513567217718,-0.16415306482061104,-0.03764915802826856
ransomware,json_bytes,mean_support_fields,993,0.13343150476260768,2.4619476206350417e-05,0.06530707269809452,0.20175084492332
ransomware,readiness,corroboration_rate,993,0.12159466362412773,0.00012247725779286275,0.040241590532873364,0.2041401352505028
ransomware,readiness,single_field_rate,993,-0.12159466362412773,0.00012247725779286275,-0.19646709341844115,-0.03679879543479193
ransomware,readiness,mean_support_fields,993,0.25264707565809275,6.327382679175726e-16,0.19269049903140656,0.3054689041611901
supported_claims_all,atom_count,corroborated_claim,8594,0.03770607595014438,0.0004718775318633239,NA,NA
supported_claims_all,json_bytes,corroborated_claim,8594,0.023850281748656464,0.027035468774619733,NA,NA
supported_claims_benign,atom_count,corroborated_claim,3577,0.0793009761410754,2.047721399822107e-06,NA,NA
supported_claims_benign,json_bytes,corroborated_claim,3577,0.05834243986517913,0.0004810354154329371,NA,NA
supported_claims_ransomware,atom_count,corroborated_claim,5017,0.07723322063063887,4.318431414342182e-08,NA,NA
supported_claims_ransomware,json_bytes,corroborated_claim,5017,0.05965925651666807,2.3533250205733156e-05,NA,NA
